5,106,103,424964,2,4900042260,0000001248,16/03/2016,12:07,80A 03,400
5,106,103,424967,3,4900043136,0000001337,16/03/2016,21:00,80A 03,400
5,106,103,424979,2,4900043090,0000001312,16/03/2016,21:00,07E 02,800
5,106,103,424975,2,4900043088,0000001311,16/03/2016,21:00,A8N 01,800
5,106,103,424968,3,4900043086,0000001310,16/03/2016,21:00,17A 0301,3200
5,106,103,424998,2,4900043079,0000001306,18/03/2016,06:17,80A 11,6400
5,106,103,425040,2,4900043081,0000001307,18/03/2016,06:18,80A 07,2400
5,106,103,425040,3,4900043083,0000001308,18/03/2016,06:19,80A 07,3200
5,106,103,425005,2,4900043084,0000001309,18/03/2016,09:00,80A 05,4000
5,106,103,424968,2,4900042529,0000001280,18/03/2016,09:07,17A 0301,4800
5,106,103,425025,3,4900044891,0000001947,18/03/2016,18:19,17A 0301,5600
5,106,103,424968,7,4900043405,0000001399,18/03/2016,21:00,17A 0301,3200
5,106,103,425008,2,4900043446,0000001421,18/03/2016,21:00,07C 05,6400
5,106,103,425005,5,4900043413,0000001403,18/03/2016,21:00,80A 05,3200
5,106,103,425033,3,4900043439,0000001417,18/03/2016,21:00,A8N 04,6400
5,106,103,424966,2,4900044894,0000001949,18/03/2016,21:00,80A 03,16400
5,106,103,425009,2,4900043112,0000001323,18/03/2016,21:00,80A 04,2400
5,106,103,425003,2,4900043443,0000001419,18/03/2016,21:00,07C 07,8800
5,106,103,425050,3,4900043445,0000001420,18/03/2016,21:00,A8N 04,1600
5,106,103,425033,4,4900043449,0000001423,18/03/2016,21:00,A8N 04,2400
5,106,103,425005,6,4900043422,0000001409,18/03/2016,21:00,80A 05,6400
5,106,103,425004,3,4900043418,0000001408,18/03/2016,21:00,75B 04,6400
5,106,103,424990,5,4900043417,0000001407,18/03/2016,21:00,80A 05,3200
5,106,103,425001,7,4900043416,0000001406,18/03/2016,21:00,80A 06,4000
5,106,103,424974,3,4900044892,0000001948,18/03/2016,21:00,A8N 01,16000
5,106,103,424988,3,4900043441,0000001418,18/03/2016,21:00,07C 05,4800
5,106,103,425002,2,4900043423,0000001410,18/03/2016,21:00,75B 04,18400
5,106,103,425013,2,4900043425,0000001411,18/03/2016,21:00,75B 04,18400
5,106,103,425040,5,4900043411,0000001401,18/03/2016,21:00,80A 07,1600
5,106,103,425040,6,4900043412,0000001402,18/03/2016,21:00,80A 07,2400
5,106,103,425001,6,4900043415,0000001405,18/03/2016,21:00,80A 06,800
5,106,103,425012,2,4900043103,0000001318,18/03/2016,21:00,17A 0301,800
5,106,103,424974,2,4900043397,0000001396,18/03/2016,21:00,A8N 01,2400
5,106,103,425033,2,4900043433,0000001415,18/03/2016,21:00,A8N 04,15200
5,106,103,424989,2,4900043428,0000001413,18/03/2016,21:00,07E 02,6400
5,106,103,424994,4,4900043427,0000001412,18/03/2016,21:00,07E 02,12000
5,106,103,425000,3,4900043453,0000001424,18/03/2016,21:00,18A 12,9600
5,106,103,425008,3,4900043455,0000001425,18/03/2016,21:00,07C 05,800
5,106,103,425033,5,4900043456,0000001426,18/03/2016,21:00,A8N 04,2400
5,106,103,424964,3,4900043115,0000001325,18/03/2016,21:00,80A 03,4800
5,106,103,425010,3,4900043117,0000001326,18/03/2016,21:00,17A 0501,1600
5,106,103,425040,9,4900044880,0000001931,18/03/2016,21:00,80A 07,4800
5,106,103,424996,4,4900043345,0000001374,18/03/2016,21:00,07C 05,8000
5,106,103,425040,10,4900044881,0000001932,18/03/2016,21:00,80A 07,1600
5,106,103,425024,2,4900043379,0000001389,18/03/2016,21:00,17A 0301,9600
5,106,103,425004,2,4900043414,0000001404,18/03/2016,21:00,75B 04,10400
5,106,103,424995,3,4900043386,0000001392,18/03/2016,21:00,80A 07,5600
5,106,103,424986,3,4900043389,0000001393,18/03/2016,21:00,80A 04,1600
5,106,103,425007,2,4900043392,0000001394,18/03/2016,21:00,04B 04,7200
5,106,103,424998,4,4900043408,0000001400,18/03/2016,21:00,80A 11,3200
5,106,103,425037,2,4900043394,0000001395,18/03/2016,21:00,75B 04,15200
5,106,103,425034,2,4900043435,0000001416,18/03/2016,21:00,A8N 04,14400
5,106,103,424990,2,4900043091,0000001313,18/03/2016,21:00,80A 05,800
5,106,103,424986,2,4900043093,0000001314,18/03/2016,21:00,80A 04,6400
5,106,103,424977,2,4900043095,0000001315,18/03/2016,21:00,A8N 02,1600
5,106,103,424967,2,4900043096,0000001316,18/03/2016,21:00,80A 03,4800
5,106,103,425010,2,4900043098,0000001317,18/03/2016,21:00,17A 0501,1600
5,106,103,424990,3,4900043111,0000001322,18/03/2016,21:00,80A 05,5600
5,106,103,424976,2,4900043114,0000001324,18/03/2016,21:00,A8N 02,800
5,106,103,425012,3,4900043119,0000001327,18/03/2016,21:00,17A 0301,800
5,106,103,424996,3,4900043120,0000001328,18/03/2016,21:00,07C 05,1600
5,106,103,425003,3,4900043447,0000001422,18/03/2016,21:00,07C 07,6400
5,106,103,424998,3,4900043124,0000001330,18/03/2016,21:00,80A 11,3200
5,106,103,425040,4,4900043126,0000001331,18/03/2016,21:00,80A 07,800
5,106,103,425050,2,4900043373,0000001388,18/03/2016,21:00,A8N 04,800
5,106,103,424968,6,4900043401,0000001397,18/03/2016,21:00,17A 0301,4000
5,106,103,424994,3,4900043402,0000001398,18/03/2016,21:00,07E 02,1600
5,106,103,425005,3,4900043110,0000001321,18/03/2016,21:00,80A 05,6400
5,106,103,424996,2,4900043104,0000001319,18/03/2016,21:00,07C 05,2400
5,106,103,424994,2,4900043106,0000001320,18/03/2016,21:00,07E 02,2400
5,106,103,424979,3,4900043357,0000001379,18/03/2016,22:00,07E 02,4800
5,106,103,424996,5,4900043356,0000001378,18/03/2016,22:00,07C 05,2400
5,106,103,425012,5,4900043355,0000001377,18/03/2016,22:00,17A 0301,1600
5,106,103,425005,4,4900043385,0000001391,18/03/2016,22:00,80A 05,800
5,106,103,424964,4,4900043133,0000001336,18/03/2016,22:00,80A 03,4000
5,106,103,425009,3,4900043130,0000001334,18/03/2016,22:00,80A 04,3200
5,106,103,425010,4,4900043362,0000001383,18/03/2016,22:00,17A 0501,4000
5,106,103,424968,5,4900043363,0000001384,18/03/2016,22:00,17A 0301,1600
5,106,103,424988,2,4900043366,0000001385,18/03/2016,22:00,07C 05,1600
5,106,103,425010,5,4900043367,0000001386,18/03/2016,22:00,17A 0501,8800
5,106,103,425000,2,4900043371,0000001387,18/03/2016,22:00,18A 12,9600
5,106,103,424995,2,4900043128,0000001332,18/03/2016,22:00,80A 07,2400
5,106,103,425039,4,4900043381,0000001390,18/03/2016,22:00,17A 0501,5600
5,106,103,425025,2,4900043122,0000001329,18/03/2016,22:00,17A 0301,4000
5,106,103,424970,2,4900043351,0000001375,18/03/2016,22:00,07E 02,10400
5,106,103,425039,3,4900043353,0000001376,18/03/2016,22:00,17A 0501,800
5,106,103,424990,4,4900043129,0000001333,18/03/2016,22:00,80A 05,3200
5,106,103,424977,3,4900043131,0000001335,18/03/2016,22:00,A8N 02,800
5,106,103,424965,2,4900043361,0000001382,18/03/2016,22:00,80A 03,2400
5,106,103,425052,2,4900043358,0000001380,18/03/2016,22:00,A8N 02,1600
5,106,103,424991,2,4900043359,0000001381,18/03/2016,22:00,A8N 03,7200
5,106,103,425047,3,No handler,,19/03/2016,11:56,18A 12,2400
5,106,103,425016,4,4900044660,0000001750,19/03/2016,14:44,80A 06,1600
5,106,103,424990,6,4900044661,0000001751,19/03/2016,14:45,80A 05,9600
5,106,103,425016,5,4900044663,0000001752,19/03/2016,14:45,80A 06,2400
5,106,103,425040,7,4900044664,0000001753,19/03/2016,14:46,80A 07,3200
5,106,103,425009,4,4900044665,0000001754,19/03/2016,14:46,80A 04,800
5,106,103,424992,2,4900044711,0000001757,19/03/2016,15:07,17A 0501,13200
5,106,103,425011,2,4900044730,0000001761,19/03/2016,15:19,80A 05,12000
5,106,103,425016,6,4900044732,0000001762,19/03/2016,15:20,80A 06,2400
5,106,103,425016,7,4900044734,0000001763,19/03/2016,15:21,80A 06,4000
5,106,103,424999,2,4900044736,0000001764,19/03/2016,15:21,18A 12,16000
5,106,103,425077,2,4900044737,0000001766,19/03/2016,15:22,17A 0501,2400
5,106,103,424995,4,4900044760,0000001771,19/03/2016,15:50,80A 07,800
5,106,103,424986,4,4900044762,0000001772,19/03/2016,15:51,80A 04,5600
5,106,103,425027,2,4900044764,0000001773,19/03/2016,15:52,04B 04,7200
5,106,103,424986,5,4900044768,0000001776,19/03/2016,15:53,80A 04,4000
5,106,103,424993,2,4900044766,0000001775,19/03/2016,15:53,17A 0301,1600
5,106,103,425023,5,4900044770,0000001777,19/03/2016,15:54,04B 04,1600
5,106,103,424993,3,4900044772,0000001778,19/03/2016,15:55,17A 0301,8000
5,106,103,425077,3,4900044773,0000001779,19/03/2016,15:55,17A 0501,1600
5,106,103,425023,6,4900044774,0000001780,19/03/2016,15:56,04B 04,1600
5,106,103,424986,6,4900044775,0000001781,19/03/2016,15:57,80A 04,1600
5,106,103,425027,3,No handlers cou,,19/03/2016,16:00,04B 04,15200
5,106,103,425036,2,No handlers cou,,19/03/2016,16:01,04B 04,15200
5,106,103,425036,3,No handlers cou,,19/03/2016,16:02,04B 04,12000
5,106,103,425027,4,No handlers cou,,19/03/2016,16:03,04B 04,1600
5,106,103,425024,3,4900044781,0000001795,19/03/2016,16:10,17A 0301,3600
5,106,103,425049,2,4900044792,0000001803,19/03/2016,16:18,17A 0301,8000
5,106,103,425041,2,4900044794,0000001805,19/03/2016,16:20,80A 01,2400
5,106,103,425007,3,4900043469,0000001429,19/03/2016,21:00,04B 04,11200
5,106,103,425044,3,No handler,,19/03/2016,21:00,04B 02,4800
5,106,103,425015,3,No handler,,19/03/2016,21:00,80A 01,8000
5,106,103,425029,3,4900044803,0000001816,19/03/2016,21:00,75B 02,2400
5,106,103,425043,5,4900044802,0000001814,19/03/2016,21:00,A8N 06,2400
5,106,103,425057,2,4900043277,0000001365,19/03/2016,21:00,75A 11,7200
5,106,103,425089,2,4900044800,0000001811,19/03/2016,21:00,N6L 0102,3200
5,106,103,425016,8,4900044798,0000001809,19/03/2016,21:00,80A 06,1600
5,106,103,425035,4,4900043466,0000001428,19/03/2016,21:00,80A 10,1600
5,106,103,425026,4,4900043539,0000001447,19/03/2016,21:00,04B 03,1600
5,106,103,425022,4,No handler,,19/03/2016,21:00,04B 02,4000
5,106,103,425023,3,4900043546,0000001450,19/03/2016,21:00,04B 04,9600
5,106,103,425035,6,4900043545,0000001449,19/03/2016,21:00,80A 10,4800
5,106,103,425022,3,4900043544,0000001448,19/03/2016,21:00,04B 02,15200
5,106,103,425056,2,4900043650,0000001468,19/03/2016,21:00,75B 07,1600
5,106,103,425012,7,4900044855,0000001878,19/03/2016,21:00,17A 0301,1600
5,106,103,425077,5,4900044854,0000001877,19/03/2016,21:00,17A 0501,5600
5,106,103,424993,4,4900044782,0000001796,19/03/2016,21:00,17A 0301,2400
5,106,103,425017,2,4900043473,0000001430,19/03/2016,21:00,80A 01,3200
5,106,103,425053,2,4900043531,0000001442,19/03/2016,21:00,A8N 05,6400
5,106,103,425047,2,No handler,,19/03/2016,21:00,18A 12,2400
5,106,103,425026,2,No handler,,19/03/2016,21:00,04B 03,9600
5,106,103,425016,2,4900043480,0000001431,19/03/2016,21:00,80A 06,3200
5,106,103,425062,3,4900043482,0000001432,19/03/2016,21:00,75B 02,3200
5,106,103,425043,3,4900043483,0000001433,19/03/2016,21:00,A8N 06,3200
5,106,103,425017,3,4900043485,0000001434,19/03/2016,21:00,80A 01,8800
5,106,103,425017,4,4900043490,0000001437,19/03/2016,21:00,80A 01,4000
5,106,103,425016,3,4900043493,0000001438,19/03/2016,21:00,80A 06,6400
5,106,103,425018,6,4900043494,0000001439,19/03/2016,21:00,80A 12,5600
5,106,103,425035,5,4900043497,0000001440,19/03/2016,21:00,80A 10,2400
5,106,103,425010,6,4900043500,0000001441,19/03/2016,21:00,17A 0501,4800
5,106,103,425054,2,4900044793,0000001804,19/03/2016,21:00,N6L 0102,1600
5,106,103,425072,2,4900044790,0000001801,19/03/2016,21:00,75B 04,2400
5,106,103,425037,3,4900044656,0000001749,19/03/2016,21:00,75B 04,800
5,106,103,425048,4,4900043537,0000001446,19/03/2016,21:00,04B 03,2400
5,106,103,425048,3,4900043535,0000001444,19/03/2016,21:00,04B 03,2000
5,106,103,425040,8,4900044832,0000001847,19/03/2016,21:00,80A 07,800
5,106,103,425032,3,No handler,,19/03/2016,21:00,04B 02,14400
5,106,103,425014,4,4900043644,0000001466,19/03/2016,21:00,75B 04,6400
5,106,103,425051,2,4900043648,0000001467,19/03/2016,21:00,A8N 05,16800
5,106,103,425024,4,4900044783,0000001797,19/03/2016,21:00,17A 0301,4000
5,106,103,424996,6,4900044785,0000001799,19/03/2016,21:00,07C 05,2400
5,106,103,425000,4,4900044784,0000001798,19/03/2016,21:00,18A 12,8800
5,106,103,425012,4,4900043211,0000001352,19/03/2016,21:00,17A 0301,4000
5,106,103,425023,2,4900043161,0000001342,19/03/2016,21:00,04B 04,8800
5,106,103,425043,2,4900043179,0000001349,19/03/2016,21:00,A8N 06,12000
5,106,103,425030,2,4900043158,0000001340,19/03/2016,21:00,04B 05,1600
5,106,103,425038,2,4900043155,0000001339,19/03/2016,21:00,17A 0402,4000
5,106,103,425039,2,4900043154,0000001338,19/03/2016,21:00,17A 0501,4000
5,106,103,425035,2,4900043262,0000001355,19/03/2016,21:00,80A 10,4000
5,106,103,425044,2,4900043263,0000001356,19/03/2016,21:00,04B 02,2400
5,106,103,425035,8,4900044860,0000001882,19/03/2016,21:00,80A 10,800
5,106,103,425043,4,4900044795,0000001806,19/03/2016,21:00,A8N 06,1600
5,106,103,425074,2,4900044796,0000001807,19/03/2016,21:00,75B 02,2400
5,106,103,425057,4,4900044797,0000001808,19/03/2016,21:00,75A 11,2400
5,106,103,425001,4,4900043268,0000001360,19/03/2016,21:00,80A 06,13600
5,106,103,425003,4,4900044787,0000001800,19/03/2016,21:00,07C 07,4000
5,106,103,425004,6,4900044867,0000001890,19/03/2016,21:00,75B 04,400
5,106,103,425072,4,4900044866,0000001889,19/03/2016,21:00,75B 04,1200
5,106,103,424964,5,4900044865,0000001888,19/03/2016,21:00,80A 03,10400
5,106,103,424978,2,4900044864,0000001886,19/03/2016,21:00,80A 03,19600
5,106,103,424965,3,4900044863,0000001885,19/03/2016,21:00,80A 03,21600
5,106,103,425001,3,4900043260,0000001353,19/03/2016,21:00,80A 06,4000
5,106,103,425018,2,4900043261,0000001354,19/03/2016,21:00,80A 12,4800
5,106,103,425057,3,4900044791,0000001802,19/03/2016,21:00,75A 11,1600
5,106,103,424967,5,4900044857,0000001880,19/03/2016,21:00,80A 03,12000
5,106,103,425046,2,4900043264,0000001357,19/03/2016,21:00,18A 07,1600
5,106,103,425061,2,4900043265,0000001358,19/03/2016,21:00,75B 04,2400
5,106,103,425015,2,4900043266,0000001359,19/03/2016,21:00,80A 01,800
5,106,103,424977,4,4900044871,0000001894,19/03/2016,21:00,A8N 02,10400
5,106,103,425029,2,4900043641,0000001465,19/03/2016,21:00,75B 02,12000
5,106,103,425017,5,4900043637,0000001464,19/03/2016,21:00,80A 01,2400
5,106,103,425045,2,4900043630,0000001461,19/03/2016,21:00,18C 04,1600
5,106,103,425032,4,4900043548,0000001451,19/03/2016,21:00,04B 02,5600
5,106,103,425031,3,No handler,,19/03/2016,21:00,04B 04,1600
5,106,103,425035,7,No handler,,19/03/2016,21:00,80A 10,8000
5,106,103,424975,4,4900044845,0000001869,19/03/2016,21:00,A8N 01,8000
5,106,103,425034,3,4900044851,0000001874,19/03/2016,21:00,A8N 04,3200
5,106,103,425003,5,4900044852,0000001875,19/03/2016,21:00,07C 07,1600
5,106,103,425047,4,4900044853,0000001876,19/03/2016,21:00,18A 12,1600
5,106,103,425005,7,4900044869,0000001892,19/03/2016,21:00,80A 05,4000
5,106,103,425049,3,4900044868,0000001891,19/03/2016,21:00,17A 0301,6400
5,106,103,425051,3,4900044861,0000001883,19/03/2016,21:00,A8N 05,1600
5,106,103,424990,7,4900044856,0000001879,19/03/2016,21:00,80A 05,800
5,106,103,425041,5,4900044859,0000001881,19/03/2016,21:00,80A 01,5600
5,106,103,425072,3,4900044805,0000001817,19/03/2016,21:00,75B 04,1600
5,106,103,425016,9,4900044806,0000001819,19/03/2016,21:00,80A 06,4800
5,106,103,425054,3,4900044808,0000001820,19/03/2016,21:00,N6L 0102,800
5,106,103,425041,4,4900044809,0000001821,19/03/2016,21:00,80A 01,2400
5,106,103,425037,4,4900044810,0000001822,19/03/2016,21:00,75B 04,1600
5,106,103,425041,3,4900044801,0000001813,19/03/2016,21:00,80A 01,2400
5,106,103,425048,5,4900044812,0000001824,19/03/2016,21:00,04B 03,800
5,106,103,424970,3,4900044844,0000001867,19/03/2016,21:00,07E 02,4000
5,106,103,425061,5,4900044843,0000001861,19/03/2016,21:00,75B 04,2000
5,106,103,425002,3,4900044842,0000001860,19/03/2016,21:00,75B 04,10000
5,106,103,424976,3,4900044840,0000001856,19/03/2016,21:00,A8N 02,3200
5,106,103,424991,3,4900044839,0000001855,19/03/2016,21:00,A8N 03,1600
5,106,103,424989,3,4900044838,0000001854,19/03/2016,21:00,07E 02,4400
5,106,103,424994,5,4900044837,0000001852,19/03/2016,21:00,07E 02,800
5,106,103,424975,3,4900044835,0000001851,19/03/2016,21:00,A8N 01,7200
5,106,103,425061,4,4900044834,0000001849,19/03/2016,21:00,75B 04,1600
5,106,103,424986,7,4900044870,0000001893,19/03/2016,21:00,80A 04,800
5,106,103,424967,4,4900044831,0000001845,19/03/2016,21:00,80A 03,400
5,106,103,425077,4,4900044819,0000001833,19/03/2016,21:00,17A 0501,1600
5,106,103,425012,6,4900044818,0000001832,19/03/2016,21:00,17A 0301,13600
5,106,103,425055,3,4900044814,0000001826,19/03/2016,21:00,80A 02,15200
5,106,103,425065,5,4900044813,0000001825,19/03/2016,21:00,80A 02,4000
5,106,103,425057,5,4900044811,0000001823,19/03/2016,21:00,75A 11,800
5,106,103,425018,3,4900043269,0000001361,19/03/2016,21:01,80A 12,4000
5,106,103,425026,3,4900043534,0000001443,19/03/2016,21:30,04B 03,14000
5,106,103,425032,2,4900043159,0000001341,19/03/2016,22:00,04B 02,800
5,106,103,425018,4,4900043465,0000001427,19/03/2016,22:00,80A 12,800
5,106,103,425048,2,4900043274,0000001364,19/03/2016,22:00,04B 03,3200
5,106,103,425062,2,4900043169,0000001347,19/03/2016,22:00,75B 02,8000
5,106,103,425001,2,4900043181,0000001350,19/03/2016,22:00,80A 06,2400
5,106,103,425014,2,4900043178,0000001348,19/03/2016,22:00,75B 04,7200
5,106,103,425004,4,4900043620,0000001458,19/03/2016,22:00,75B 04,11200
5,106,103,425035,3,4900043270,0000001362,19/03/2016,22:00,80A 10,3200
5,106,103,425063,2,4900043632,0000001462,19/03/2016,22:00,A8N 05,800
5,106,103,425023,4,4900043826,0000001504,19/03/2016,22:00,04B 04,4800
5,106,103,425061,3,4900043623,0000001459,19/03/2016,22:00,75B 04,1600
5,106,103,425022,5,4900043820,0000001500,19/03/2016,22:00,04B 02,1740
5,106,103,425053,3,4900043654,0000001469,19/03/2016,22:00,A8N 05,10400
5,106,103,425058,2,4900043656,0000001470,19/03/2016,22:00,75B 02,8000
5,106,103,425020,3,4900043668,0000001471,19/03/2016,22:00,17A 0402,1600
5,106,103,425020,4,4900043672,0000001472,19/03/2016,22:00,17A 0402,6400
5,106,103,425021,2,4900043676,0000001474,19/03/2016,22:00,17A 0403,6400
5,106,103,425010,7,4900043680,0000001475,19/03/2016,22:00,17A 0501,800
5,106,103,425020,5,4900043683,0000001476,19/03/2016,22:00,17A 0402,2400
5,106,103,425020,6,4900043689,0000001477,19/03/2016,22:00,17A 0402,2400
5,106,103,425021,3,4900043694,0000001478,19/03/2016,22:00,17A 0403,3200
5,106,103,425010,8,4900043698,0000001479,19/03/2016,22:00,17A 0501,7200
5,106,103,425020,7,4900043776,0000001487,19/03/2016,22:00,17A 0402,2400
5,106,103,425020,8,4900043778,0000001488,19/03/2016,22:00,17A 0402,2400
5,106,103,425021,4,4900043779,0000001489,19/03/2016,22:00,17A 0403,3200
5,106,103,425039,5,4900043781,0000001491,19/03/2016,22:00,17A 0501,5600
5,106,103,425014,5,4900043790,0000001492,19/03/2016,22:00,75B 04,1600
5,106,103,425004,5,4900043792,0000001493,19/03/2016,22:00,75B 04,800
5,106,103,425055,2,4900043162,0000001343,19/03/2016,22:00,80A 02,2400
5,106,103,425031,2,4900043332,0000001371,19/03/2016,22:00,04B 04,3200
5,106,103,425028,2,4900043336,0000001372,19/03/2016,22:00,80A 02,9600
5,106,103,425001,5,4900043338,0000001373,19/03/2016,22:00,80A 06,2400
5,106,103,425021,5,4900043830,0000001508,19/03/2016,22:00,17A 0403,3200
5,106,103,425038,5,4900043829,0000001506,19/03/2016,22:00,17A 0402,1600
5,106,103,425030,3,4900043165,0000001345,19/03/2016,22:00,04B 05,12000
5,106,103,425020,2,4900043163,0000001344,19/03/2016,22:00,17A 0402,3200
5,106,103,425044,4,4900043824,0000001502,19/03/2016,22:00,04B 02,3460
5,106,103,425032,5,4900043823,0000001501,19/03/2016,22:00,04B 02,2000
5,106,103,425020,9,4900043827,0000001505,19/03/2016,22:00,17A 0402,800
5,106,103,425030,5,4900043815,0000001499,19/03/2016,22:00,04B 05,3200
5,106,103,425030,4,4900043814,0000001498,19/03/2016,22:00,04B 05,4800
5,106,103,425038,4,No handler,,19/03/2016,22:00,17A 0402,5600
5,106,103,425039,7,4900043812,0000001497,19/03/2016,22:00,17A 0501,4800
5,106,103,425038,3,4900043810,0000001496,19/03/2016,22:00,17A 0402,7200
5,106,103,425039,6,4900043808,0000001495,19/03/2016,22:00,17A 0501,8000
5,106,103,425022,2,4900043167,0000001346,19/03/2016,22:00,04B 02,6400
5,106,103,425038,6,4900043848,0000001511,19/03/2016,22:00,17A 0402,3200
5,106,103,425014,3,4900043282,0000001366,19/03/2016,22:00,75B 04,4800
5,106,103,425018,5,No handler,,19/03/2016,22:10,80A 12,4000
5,106,103,424968,4,4900043273,0000001363,19/03/2016,23:00,17A 0301,6400
5,106,103,425086,2,4900044723,0000001759,22/03/2016,15:16,A8C 02,3200
5,106,103,425075,2,4900044727,0000001760,22/03/2016,15:17,05L 01,4800
5,106,103,425013,3,4900044862,0000001884,22/03/2016,17:14,75B 04,3200
5,106,103,425065,2,4900043963,0000001651,22/03/2016,20:05,80A 02,14400
5,106,103,425065,4,4900043965,0000001653,22/03/2016,20:06,80A 02,800
5,106,103,425065,3,4900043964,0000001652,22/03/2016,20:06,80A 02,6400
5,106,103,425066,2,4900043966,0000001654,22/03/2016,20:07,25D 05,7200
5,106,103,425070,3,4900043969,0000001657,22/03/2016,20:08,25D 05,3200
5,106,103,425070,2,4900043968,0000001656,22/03/2016,20:08,25D 05,6400
5,106,103,425066,3,4900043967,0000001655,22/03/2016,20:08,25D 05,14400
5,106,103,425070,4,4900043970,0000001658,22/03/2016,20:09,25D 05,800
5,106,103,425068,2,4900043978,0000001659,22/03/2016,20:48,04N 0501,4800
5,106,103,425068,3,4900043980,0000001660,22/03/2016,20:48,04N 0501,3200
5,106,103,425068,4,4900043981,0000001661,22/03/2016,20:49,04N 0501,3200
5,106,103,425068,6,4900043983,0000001663,22/03/2016,20:50,04N 0501,1600
5,106,103,425068,5,4900043982,0000001662,22/03/2016,20:50,04N 0501,7200
5,106,103,425070,5,4900043986,0000001666,22/03/2016,20:58,25D 05,5600
5,106,103,425069,2,4900043995,0000001667,22/03/2016,21:34,04B 04,2400
5,106,103,425069,3,4900043996,0000001668,22/03/2016,21:34,04B 04,8800
5,106,103,425069,5,4900043998,0000001670,22/03/2016,21:35,04B 04,1600
5,106,103,425069,4,4900043997,0000001669,22/03/2016,21:35,04B 04,7200
5,106,103,425069,6,4900043999,0000001671,22/03/2016,21:36,04B 04,2400
5,106,103,425069,7,4900044000,0000001672,22/03/2016,21:36,04B 04,1600
5,106,103,425038,7,4900045826,0000002310,22/03/2016,22:00,17A 0402,4800
5,106,103,425125,4,4900045817,0000002305,22/03/2016,22:00,A8C 02,6400
5,106,103,425082,5,4900045819,0000002306,22/03/2016,22:00,75A 08,1600
5,106,103,425123,2,4900045823,0000002308,22/03/2016,22:00,80A 01,5600
5,106,103,425080,2,4900045822,0000002307,22/03/2016,22:00,75A 04,2400
5,106,103,425105,4,4900045824,0000002309,22/03/2016,22:00,75A 11,3200
5,106,103,425081,2,4900045829,0000002311,22/03/2016,22:00,17A 0402,8000
5,106,103,425081,4,4900045847,0000002316,23/03/2016,11:46,17A 0402,8800
5,106,103,425087,5,4900045848,0000002317,23/03/2016,11:47,15B 02,3200
5,106,103,425076,2,4900044527,0000001741,23/03/2016,13:43,80A 02,2400
5,106,103,425076,4,4900044530,0000001743,23/03/2016,13:44,80A 02,11200
5,106,103,425076,3,4900044529,0000001742,23/03/2016,13:44,80A 02,13600
5,106,103,425079,2,4900044717,0000001758,23/03/2016,15:12,05L 01,7200
5,106,103,425066,4,4900044776,0000001782,23/03/2016,15:57,25D 05,1600
5,106,103,425070,6,4900044777,0000001783,23/03/2016,15:58,25D 05,6400
5,106,103,425070,7,No handlers cou,,23/03/2016,15:59,25D 05,4000
5,106,103,425088,2,No handlers cou,,23/03/2016,16:00,25D 05,10400
5,106,103,425088,3,No handlers cou,,23/03/2016,16:00,25D 05,2400
5,106,103,425066,5,No handlers cou,,23/03/2016,16:00,25D 05,1600
5,106,103,425086,3,4900044847,0000001870,23/03/2016,17:03,A8C 02,1600
5,106,103,425086,4,4900044849,0000001873,23/03/2016,17:03,A8C 02,3200
5,106,103,425084,2,4900044884,0000001940,23/03/2016,18:14,04B 03,800
5,106,103,425084,4,4900044886,0000001942,23/03/2016,18:15,04B 03,4800
5,106,103,425084,3,4900044885,0000001941,23/03/2016,18:15,04B 03,4000
5,106,103,425084,5,4900044887,0000001943,23/03/2016,18:15,04B 03,4000
5,106,103,425084,7,4900044889,0000001945,23/03/2016,18:16,04B 03,3200
5,106,103,425084,6,4900044888,0000001944,23/03/2016,18:16,04B 03,4000
5,106,103,424964,6,4900044890,0000001946,23/03/2016,18:17,80A 03,6400
5,106,103,425092,2,4900044930,0000001962,23/03/2016,19:25,N6L 0102,800
5,106,103,425092,3,4900044931,0000001963,23/03/2016,19:26,N6L 0102,7200
5,106,103,425092,4,4900044932,0000001964,23/03/2016,19:26,N6L 0102,8000
5,106,103,425092,5,4900044933,0000001965,23/03/2016,19:27,N6L 0102,4800
5,106,103,425077,6,4900044946,0000001976,23/03/2016,19:42,17A 0501,4800
5,106,103,425030,6,4900044947,0000001977,23/03/2016,19:43,04B 05,5600
5,106,103,425073,2,4900044949,0000001978,23/03/2016,19:44,75B 07,2400
5,106,103,425084,8,4900044950,0000001980,23/03/2016,19:45,04B 03,2400
5,106,103,425094,2,4900044953,0000001982,23/03/2016,19:46,17A 0401,18400
5,106,103,425084,9,4900044952,0000001981,23/03/2016,19:46,04B 03,1600
5,106,103,425077,7,4900044955,0000001983,23/03/2016,19:47,17A 0501,2400
5,106,103,425098,2,4900044956,0000001984,23/03/2016,19:48,04B 03,3200
5,106,103,425103,2,4900045525,0000002256,23/03/2016,19:49,80A 06,2400
5,106,103,425103,3,4900045526,0000002257,23/03/2016,19:50,80A 06,3200
5,106,103,425098,3,4900044957,0000001986,23/03/2016,19:51,04B 03,3200
5,106,103,425008,4,4900044959,0000001988,23/03/2016,19:52,07C 05,4000
5,106,103,424979,4,4900044958,0000001987,23/03/2016,19:52,07E 02,8400
5,106,103,425009,5,4900044961,0000001991,23/03/2016,19:53,80A 04,7200
5,106,103,424995,5,4900044960,0000001989,23/03/2016,19:53,80A 07,8000
5,106,103,425005,8,4900044962,0000001992,23/03/2016,19:54,80A 05,3200
5,106,103,425093,3,4900044964,0000001994,23/03/2016,19:55,N6L 21,6400
5,106,103,425093,2,4900044963,0000001993,23/03/2016,19:55,N6L 21,800
5,106,103,425093,6,4900044967,0000001997,23/03/2016,19:56,N6L 21,1600
5,106,103,425093,5,4900044966,0000001996,23/03/2016,19:56,N6L 21,8000
5,106,103,425093,4,4900044965,0000001995,23/03/2016,19:56,N6L 21,3200
5,106,103,425041,6,4900044968,0000001998,23/03/2016,19:57,80A 01,5600
5,106,103,425097,2,4900044972,0000002001,23/03/2016,19:58,80A 01,18000
5,106,103,425102,2,4900044971,0000002000,23/03/2016,19:58,N6L 16,3200
5,106,103,425017,6,4900044973,0000002003,23/03/2016,19:59,80A 01,400
5,106,103,425042,2,4900044974,0000002005,23/03/2016,20:00,N6L 0102,6400
5,106,103,425042,3,4900044976,0000002006,23/03/2016,20:01,N6L 0102,12800
5,106,103,425099,3,4900044983,0000002010,23/03/2016,20:13,04B 02,2800
5,106,103,424998,5,4900044982,0000002009,23/03/2016,20:13,80A 11,2400
5,106,103,425095,2,4900044985,0000002011,23/03/2016,20:14,17A 0501,4800
5,106,103,425102,3,4900044987,0000002013,23/03/2016,20:17,N6L 16,480
5,106,103,424999,3,4900044986,0000002012,23/03/2016,20:17,18A 12,4000
5,106,103,425102,4,4900044988,0000002015,23/03/2016,20:18,N6L 16,2400
5,106,103,425100,2,4900044989,0000002016,23/03/2016,20:19,04B 04,11200
5,106,103,425099,2,4900044944,0000001975,23/03/2016,21:00,04B 02,1600
5,106,103,425118,2,4900045007,0000002030,23/03/2016,21:13,17A 0401,2400
5,106,103,425118,3,4900045009,0000002032,23/03/2016,21:14,17A 0401,9600
5,106,103,425118,4,4900045010,0000002034,23/03/2016,21:15,17A 0401,4800
5,106,103,425118,5,4900045012,0000002035,23/03/2016,21:15,17A 0401,5600
5,106,103,425095,3,4900045018,0000002042,23/03/2016,21:30,17A 0501,800
5,106,103,425095,4,4900045019,0000002043,23/03/2016,21:35,17A 0501,2400
5,106,103,425095,5,4900045020,0000002044,23/03/2016,21:36,17A 0501,8800
5,106,103,425095,6,4900045022,0000002046,23/03/2016,21:37,17A 0501,3200
5,106,103,425095,7,4900045023,0000002047,23/03/2016,21:38,17A 0501,7200
5,106,103,425077,8,4900045024,0000002048,23/03/2016,21:38,17A 0501,1600
5,106,103,425083,3,4900045038,0000002062,23/03/2016,21:50,04N 0501,2400
5,106,103,425083,2,4900045037,0000002061,23/03/2016,21:50,04N 0501,4000
5,106,103,425083,4,4900045039,0000002063,23/03/2016,21:50,04N 0501,5600
5,106,103,425104,4,4900045034,0000002059,23/03/2016,21:50,D1C 2002,4000
5,106,103,425083,6,4900045041,0000002065,23/03/2016,21:50,04N 0501,800
5,106,103,425104,5,4900045035,0000002060,23/03/2016,21:50,D1C 2002,2400
5,106,103,425083,5,4900045040,0000002064,23/03/2016,21:50,04N 0501,5600
5,106,103,425104,2,4900045032,0000002057,23/03/2016,21:58,D1C 2002,800
5,106,103,425104,3,4900045033,0000002058,23/03/2016,21:59,D1C 2002,4800
5,106,103,425105,3,4900045798,0000002300,23/03/2016,22:00,75A 11,6400
5,106,103,425082,3,4900045803,0000002303,23/03/2016,22:00,75A 08,4000
5,106,103,425100,5,4900045800,0000002302,23/03/2016,22:00,04B 04,1600
5,106,103,425100,4,4900045799,0000002301,23/03/2016,22:00,04B 04,4000
5,106,103,425082,4,4900045805,0000002304,23/03/2016,22:00,75A 08,4800
5,106,103,425105,5,4900045855,0000002322,23/03/2016,22:00,75A 11,800
5,106,103,425021,6,4900045850,0000002320,23/03/2016,22:00,17A 0403,4800
5,106,103,425133,3,4900045849,0000002319,23/03/2016,22:00,17A 0403,6400
5,106,103,425087,4,4900045837,0000002314,23/03/2016,22:00,15B 02,3200
5,106,103,425081,3,4900045835,0000002313,23/03/2016,22:00,17A 0402,4800
5,106,103,425109,2,4900045466,0000002209,23/03/2016,22:30,75A 04,10800
5,106,103,425131,2,4900045514,0000002245,23/03/2016,23:00,75A 04,1600
5,106,103,425125,2,4900045510,0000002243,23/03/2016,23:00,A8C 02,1600
5,106,103,425116,3,4900045507,0000002240,23/03/2016,23:00,N6L 0102,1600
5,106,103,425126,2,4900045509,0000002242,23/03/2016,23:00,A8C 01,800
5,106,103,425075,3,4900045477,0000002218,23/03/2016,23:00,05L 01,12800
5,106,103,425139,4,4900045480,0000002219,23/03/2016,23:00,N6L 0102,3200
5,106,103,425094,3,4900045481,0000002220,23/03/2016,23:00,17A 0401,10000
5,106,103,425118,6,4900045482,0000002221,23/03/2016,23:00,17A 0401,2800
5,106,103,425134,2,4900045483,0000002222,23/03/2016,23:00,17A 0405,3200
5,106,103,425141,2,4900045484,0000002223,23/03/2016,23:00,05L 01,15200
5,106,103,425090,5,4900045476,0000002217,23/03/2016,23:00,N6L 0102,2400
5,106,103,425115,3,4900045474,0000002216,23/03/2016,23:00,36A 05,16400
5,106,103,425130,2,4900045473,0000002215,23/03/2016,23:00,75A 08,9600
5,106,103,425115,2,4900045472,0000002214,23/03/2016,23:00,36A 05,8800
5,106,103,424974,4,4900045523,0000002253,23/03/2016,23:00,A8N 01,5600
5,106,103,425125,3,4900045524,0000002254,23/03/2016,23:00,A8C 02,8000
5,106,103,425078,2,4900045532,0000002259,23/03/2016,23:00,05L 01,10400
5,106,103,425087,3,4900045832,0000002312,23/03/2016,23:00,15B 02,4000
5,106,103,425139,2,4900045464,0000002207,23/03/2016,23:00,N6L 0102,8800
5,106,103,425092,6,4900045432,0000002178,23/03/2016,23:00,N6L 0102,1600
5,106,103,425028,3,4900045433,0000002179,23/03/2016,23:00,80A 02,3200
5,106,103,425089,4,4900045515,0000002246,23/03/2016,23:00,N6L 0102,1600
5,106,103,425075,4,4900045508,0000002241,23/03/2016,23:00,05L 01,2400
5,106,103,425087,2,4900045501,0000002238,23/03/2016,23:00,15B 02,4800
5,106,103,425116,2,4900045494,0000002232,23/03/2016,23:00,N6L 0102,18400
5,106,103,425124,3,4900045493,0000002231,23/03/2016,23:00,N6L 0102,8000
5,106,103,425041,7,4900045492,0000002230,23/03/2016,23:00,80A 01,5600
5,106,103,425133,2,4900045490,0000002229,23/03/2016,23:00,17A 0403,6400
5,106,103,425077,9,4900045489,0000002228,23/03/2016,23:00,17A 0501,4800
5,106,103,425114,3,4900045488,0000002227,23/03/2016,23:00,17A 0401,2000
5,106,103,425118,7,4900045487,0000002226,23/03/2016,23:00,17A 0401,2000
5,106,103,425090,6,4900045486,0000002225,23/03/2016,23:00,N6L 0102,800
5,106,103,425124,2,4900045485,0000002224,23/03/2016,23:00,N6L 0102,9600
5,106,103,425059,2,4900045469,0000002212,23/03/2016,23:00,75A 04,17600
5,106,103,425128,2,4900045471,0000002213,23/03/2016,23:00,75A 08,18400
5,106,103,425147,4,4900045468,0000002211,23/03/2016,23:00,75A 08,800
5,106,103,425147,5,4900045512,0000002244,23/03/2016,23:00,75A 08,1600
5,106,103,425139,3,4900045467,0000002210,23/03/2016,23:00,N6L 0102,7600
5,106,103,424975,5,4900045506,0000002239,23/03/2016,23:00,A8N 01,5600
5,106,103,425114,2,4900045465,0000002208,23/03/2016,23:30,17A 0401,9600
5,106,103,425136,2,4900045131,0000002115,24/03/2016,08:19,D1C 21,15200
5,106,103,425136,3,4900045132,0000002116,24/03/2016,08:20,D1C 21,6400
5,106,103,425136,4,4900045133,0000002117,24/03/2016,08:21,D1C 21,2400
5,106,103,425104,6,4900045145,0000002121,24/03/2016,08:52,D1C 2002,3200
5,106,103,425137,2,4900045147,0000002123,24/03/2016,08:53,04H 02,5600
5,106,103,425137,3,4900045148,0000002124,24/03/2016,08:54,04H 02,18400
5,106,103,425138,3,4900045151,0000002126,24/03/2016,08:55,04H 02,8000
5,106,103,425138,2,4900045149,0000002125,24/03/2016,08:55,04H 02,6400
5,106,103,425127,2,4900045173,0000002127,24/03/2016,09:19,04N 0502,2400
5,106,103,425127,3,4900045174,0000002128,24/03/2016,09:20,04N 0502,3200
5,106,103,425127,5,4900045176,0000002130,24/03/2016,09:21,04N 0502,7200
5,106,103,425127,4,4900045175,0000002129,24/03/2016,09:21,04N 0502,8800
5,106,103,425112,2,4900045197,0000002138,24/03/2016,10:30,04N 03,5600
5,106,103,425112,3,4900045200,0000002139,24/03/2016,10:31,04N 03,12800
5,106,103,425117,2,4900045202,0000002140,24/03/2016,10:37,04N 03,8000
5,106,103,425117,4,4900045205,0000002142,24/03/2016,10:38,04N 03,3200
5,106,103,425117,3,4900045203,0000002141,24/03/2016,10:38,04N 03,8800
5,106,103,425140,2,4900045241,0000002151,24/03/2016,11:28,17A 0503,3200
5,106,103,425140,4,4900045243,0000002153,24/03/2016,11:29,17A 0503,4800
5,106,103,425140,3,4900045242,0000002152,24/03/2016,11:29,17A 0503,8800
5,106,103,425140,5,4900045246,0000002154,24/03/2016,11:30,17A 0503,2400
5,106,103,425150,2,4900045362,0000002174,24/03/2016,15:50,N6L 0101,6400
5,106,103,425150,3,4900045426,0000002177,24/03/2016,18:25,N6L 0101,4800
5,106,103,425042,4,4900045434,0000002180,24/03/2016,18:35,N6L 0102,2400
5,106,103,425089,3,4900045435,0000002181,24/03/2016,18:35,N6L 0102,21600
5,106,103,425090,2,4900045436,0000002182,24/03/2016,18:36,N6L 0102,8000
5,106,103,425042,5,4900045439,0000002184,24/03/2016,18:37,N6L 0102,1600
5,106,103,425090,3,4900045437,0000002183,24/03/2016,18:37,N6L 0102,4800
5,106,103,425090,4,4900045440,0000002185,24/03/2016,18:38,N6L 0102,6400
5,106,103,425153,2,4900045441,0000002186,24/03/2016,18:45,15C 01,4000
5,106,103,425152,2,4900045444,0000002188,24/03/2016,18:46,15B 02,1600
5,106,103,425152,3,4900045445,0000002189,24/03/2016,18:48,15B 02,10400
5,106,103,425152,4,4900045446,0000002190,24/03/2016,18:49,15B 02,3200
5,106,103,425149,2,4900045447,0000002191,24/03/2016,18:50,80A 02,1600
5,106,103,425085,2,4900045451,0000002194,24/03/2016,18:51,80A 02,2400
5,106,103,425149,4,4900045450,0000002193,24/03/2016,18:51,80A 02,7200
5,106,103,425149,3,4900045448,0000002192,24/03/2016,18:51,80A 02,3200
5,106,103,425146,4,4900045454,0000002197,24/03/2016,18:52,75A 0102,1600
5,106,103,425146,3,4900045453,0000002196,24/03/2016,18:52,75A 0102,5600
5,106,103,425146,2,4900045452,0000002195,24/03/2016,18:52,75A 0102,2400
5,106,103,425145,2,4900045456,0000002199,24/03/2016,18:53,75B 01,1600
5,106,103,425146,5,4900045455,0000002198,24/03/2016,18:53,75A 0102,2400
5,106,103,425145,3,4900045457,0000002200,24/03/2016,18:54,75B 01,2400
5,106,103,425110,2,4900045460,0000002203,24/03/2016,18:54,75A 08,8800
5,106,103,425145,5,4900045459,0000002202,24/03/2016,18:54,75B 01,1600
5,106,103,425145,4,4900045458,0000002201,24/03/2016,18:54,75B 01,1600
5,106,103,425147,2,4900045462,0000002205,24/03/2016,18:55,75A 08,800
5,106,103,425120,2,4900045461,0000002204,24/03/2016,18:55,75A 08,8000
5,106,103,425147,3,4900045463,0000002206,24/03/2016,18:56,75A 08,2400
5,106,103,425124,4,4900045495,0000002233,24/03/2016,19:29,N6L 0102,7600
5,106,103,425132,2,4900045516,0000002247,24/03/2016,19:45,75A 0101,4800
5,106,103,425111,2,4900045517,0000002248,24/03/2016,19:45,75A 04,3200
5,106,103,425111,3,4900045521,0000002251,24/03/2016,19:46,75A 04,2400
5,106,103,425148,2,4900045518,0000002249,24/03/2016,19:46,75A 04,8800
5,106,103,425148,3,4900045519,0000002250,24/03/2016,19:46,75A 04,9600
5,106,103,425121,2,4900045522,0000002252,24/03/2016,19:47,75A 04,6400
5,106,103,425116,4,4900045551,0000002261,24/03/2016,21:37,N6L 0102,3200
5,106,103,425143,4,4900045587,0000002272,24/03/2016,21:59,05R 01,3200
5,106,103,425143,2,4900045583,0000002268,24/03/2016,21:59,05R 01,800
5,106,103,425142,2,4900045584,0000002269,24/03/2016,21:59,05R 01,7200
5,106,103,425143,3,4900045585,0000002270,24/03/2016,21:59,05R 01,2400
5,106,103,425142,3,4900045586,0000002271,24/03/2016,21:59,05R 01,9600
5,106,103,425142,4,4900045588,0000002273,24/03/2016,21:59,05R 01,4800
5,106,103,425105,2,4900045786,0000002297,24/03/2016,23:00,75A 11,1600
5,106,103,425092,7,4900045497,0000002235,24/03/2016,23:00,N6L 0102,1600
5,106,103,425100,3,4900045788,0000002298,24/03/2016,23:00,04B 04,1600
5,106,103,425082,2,4900045789,0000002299,24/03/2016,23:00,75A 08,1600
5,106,103,425015,4,4900045784,0000002296,24/03/2016,23:00,80A 01,1600
5,106,103,425152,5,4900045500,0000002237,24/03/2016,23:00,15B 02,1600
5,106,103,425085,3,4900045499,0000002236,24/03/2016,23:00,80A 02,9600
5,106,103,425139,5,4900045496,0000002234,24/03/2016,23:00,N6L 0102,6000
5,106,103,425144,2,4900045596,0000002276,24/03/2016,23:05,05L 01,800
5,106,103,425067,2,4900045597,0000002277,24/03/2016,23:06,05L 01,4000
5,106,103,425144,3,4900045598,0000002278,24/03/2016,23:06,05L 01,3200
5,106,103,425071,2,4900045600,0000002280,24/03/2016,23:07,05L 01,8800
5,106,103,425141,3,4900045599,0000002279,24/03/2016,23:07,05L 01,8800
5,106,103,425154,2,4900045842,0000002315,26/03/2016,11:41,36A 05,4800
5,106,103,425156,2,4900045879,0000002336,26/03/2016,12:00,A8C 01,15200
5,106,103,425156,4,4900045882,0000002339,26/03/2016,12:00,A8C 01,3200
5,106,103,425154,3,4900045883,0000002340,26/03/2016,12:00,36A 05,4000
5,106,103,425156,3,4900045881,0000002338,26/03/2016,12:00,A8C 01,5600
5,106,103,425157,3,4900046531,0000002476,28/03/2016,19:32,D1C 19,7200
5,106,103,425157,2,4900046530,0000002475,28/03/2016,19:32,D1C 19,2400
5,106,103,425157,4,4900046532,0000002477,28/03/2016,19:33,D1C 19,2400
5,106,103,425157,5,4900046533,0000002478,28/03/2016,19:33,D1C 19,6400
5,106,103,425160,3,4900046612,0000002500,28/03/2016,21:15,N6L 0101,6400
5,106,103,425160,2,4900046610,0000002498,28/03/2016,21:15,N6L 0101,12000
5,106,103,425158,2,4900046613,0000002501,28/03/2016,21:19,N6L 0101,9600
5,106,103,425158,4,4900046615,0000002503,28/03/2016,21:20,N6L 0101,2400
5,106,103,425158,3,4900046614,0000002502,28/03/2016,21:20,N6L 0101,7200
5,106,103,425160,4,4900046627,0000002504,28/03/2016,21:31,N6L 0101,2800
5,106,103,425160,5,4900046634,0000002508,28/03/2016,21:48,N6L 0101,800
5,106,103,425158,5,4900046635,0000002509,28/03/2016,21:48,N6L 0101,2400
5,106,103,425164,3,4900046637,0000002511,28/03/2016,21:49,N6L 21,7200
5,106,103,425164,2,4900046636,0000002510,28/03/2016,21:49,N6L 21,8000
5,106,103,425164,4,4900046638,0000002512,28/03/2016,21:50,N6L 21,4000
5,106,103,425183,2,4900046710,0000002532,29/03/2016,07:19,N6L 21,4000
5,106,103,425183,3,4900046711,0000002533,29/03/2016,07:21,N6L 21,8000
5,106,103,425173,2,4900046743,0000002539,29/03/2016,07:53,N6L 21,14400
5,106,103,425173,3,4900046746,0000002540,29/03/2016,07:54,N6L 21,8000
5,106,103,425183,4,4900046750,0000002541,29/03/2016,07:55,N6L 21,4800
5,106,103,425164,5,4900046751,0000002542,29/03/2016,07:56,N6L 21,3200
5,106,103,425173,4,4900046752,0000002543,29/03/2016,07:57,N6L 21,1600
5,106,103,425181,2,4900046812,0000002568,29/03/2016,08:54,04H 02,4000
5,106,103,425181,3,4900046813,0000002569,29/03/2016,08:55,04H 02,800
5,106,103,425181,4,4900046815,0000002571,29/03/2016,08:56,04H 02,8800
5,106,103,425181,6,4900046818,0000002573,29/03/2016,08:57,04H 02,2400
5,106,103,425181,5,4900046817,0000002572,29/03/2016,08:57,04H 02,3200
5,106,103,425182,2,4900046849,0000002577,29/03/2016,09:39,04N 03,800
5,106,103,425182,3,4900046851,0000002578,29/03/2016,09:39,04N 03,4800
5,106,103,425182,4,4900046853,0000002579,29/03/2016,09:40,04N 03,1600
5,106,103,425182,6,4900046857,0000002581,29/03/2016,09:41,04N 03,8000
5,106,103,425182,5,4900046855,0000002580,29/03/2016,09:41,04N 03,8000
5,106,103,425179,2,4900046896,0000002582,29/03/2016,10:21,04L 01,4000
5,106,103,425179,3,4900046898,0000002583,29/03/2016,10:22,04L 01,8800
5,106,103,425179,4,4900046900,0000002585,29/03/2016,10:22,04L 01,4000
5,106,103,425179,5,4900046901,0000002586,29/03/2016,10:23,04L 01,5600
5,106,103,425163,2,4900046926,0000002589,29/03/2016,11:06,A8C 02,3200
5,106,103,425163,3,4900046927,0000002590,29/03/2016,11:07,A8C 02,8800
5,106,103,425175,2,4900046929,0000002591,29/03/2016,11:08,A8C 02,1600
5,106,103,425175,3,4900046930,0000002592,29/03/2016,11:09,A8C 02,5600
5,106,103,425175,4,4900046931,0000002593,29/03/2016,11:10,A8C 02,800
5,106,103,425175,5,4900046933,0000002594,29/03/2016,11:11,A8C 02,2400
5,106,103,425174,2,No handlers cou,,29/03/2016,11:48,A8C 01,1200
5,106,103,425174,3,No handlers cou,,29/03/2016,11:49,A8C 01,7200
5,106,103,425162,2,No handlers cou,,29/03/2016,11:50,A8C 01,6400
5,106,103,425174,4,4900046988,0000002599,29/03/2016,11:51,A8C 01,2400
5,106,103,425162,3,No handlers cou,,29/03/2016,11:52,A8C 01,4800
5,106,103,425165,2,4900047030,0000002643,29/03/2016,12:36,D1C 14,2400
5,106,103,425165,3,4900047032,0000002644,29/03/2016,12:37,D1C 14,4800
5,106,103,425165,4,4900047034,0000002648,29/03/2016,12:38,D1C 14,3200
5,106,103,425165,5,4900047035,0000002654,29/03/2016,12:39,D1C 14,5600
5,106,103,425171,2,4900047097,0000002661,29/03/2016,13:23,D1C 17,3200
5,106,103,425171,3,4900047102,0000002663,29/03/2016,13:24,D1C 17,1600
5,106,103,425171,4,4900047103,0000002664,29/03/2016,13:25,D1C 17,4800
5,106,103,425171,5,4900047105,0000002665,29/03/2016,13:26,D1C 17,3200
5,106,103,425171,6,4900047107,0000002666,29/03/2016,13:27,D1C 17,6400
5,106,103,425172,2,4900047150,0000002667,29/03/2016,13:55,J1L 22,2400
5,106,103,425172,3,4900047151,0000002668,29/03/2016,13:55,J1L 22,4000
5,106,103,425172,4,4900047153,0000002669,29/03/2016,13:56,J1L 22,1600
5,106,103,425172,5,4900047154,0000002670,29/03/2016,13:57,J1L 22,1600
5,106,103,425159,2,4900047225,0000002705,29/03/2016,15:05,04N 0501,4000
5,106,103,425159,4,4900047229,0000002709,29/03/2016,15:06,04N 0501,4000
5,106,103,425159,3,4900047227,0000002706,29/03/2016,15:06,04N 0501,8000
5,106,103,425159,5,4900047233,0000002714,29/03/2016,15:07,04N 0501,8000
5,106,103,425172,6,4900047390,0000002848,29/03/2016,16:30,J1L 22,3200
5,106,103,425166,3,4900047392,0000002850,29/03/2016,16:31,J1L 22,3200
5,106,103,425166,2,4900047391,0000002849,29/03/2016,16:31,J1L 22,9600
5,106,103,425176,2,4900047715,0000003295,29/03/2016,19:13,J1L 22,16000
5,106,103,425166,4,4900047716,0000003296,29/03/2016,19:14,J1L 22,3200
5,106,103,425180,2,4900047770,0000003377,29/03/2016,19:45,N6L 0101,16000
5,106,103,425178,2,4900047771,0000003378,29/03/2016,19:46,N6L 0101,19200
5,106,103,425180,3,4900047774,0000003379,29/03/2016,19:46,N6L 0101,4800
5,106,103,425178,3,4900047776,0000003380,29/03/2016,19:47,N6L 0101,5600
5,106,103,425200,2,4900047809,0000003396,29/03/2016,20:41,N6L 0101,5600
5,106,103,425200,3,4900047811,0000003397,29/03/2016,20:41,N6L 0101,2400
5,106,103,425200,4,4900047814,0000003399,29/03/2016,20:47,N6L 0101,5600
5,106,103,425200,6,4900047816,0000003401,29/03/2016,20:48,N6L 0101,2400
5,106,103,425200,5,4900047815,0000003400,29/03/2016,20:48,N6L 0101,5600
5,106,103,425198,2,4900047852,0000003410,29/03/2016,21:52,N6L 0101,1600
5,106,103,425198,3,4900047853,0000003411,29/03/2016,21:53,N6L 0101,9600
5,106,103,425198,4,4900047854,0000003412,29/03/2016,21:53,N6L 0101,8800
5,106,103,425200,7,4900047855,0000003413,29/03/2016,21:54,N6L 0101,4800
5,106,103,425198,5,4900047856,0000003414,29/03/2016,21:56,N6L 0101,2400
5,106,103,425193,2,4900047857,0000003415,29/03/2016,21:57,N6L 21,1600
5,106,103,425193,4,4900047859,0000003417,29/03/2016,21:58,N6L 21,800
5,106,103,425193,3,4900047858,0000003416,29/03/2016,21:58,N6L 21,1600
5,106,103,425193,5,4900047860,0000003418,29/03/2016,21:59,N6L 21,800
5,106,103,425193,6,4900048084,0000003447,30/03/2016,09:31,N6L 21,4800
5,106,103,425193,7,4900048087,0000003448,30/03/2016,09:32,N6L 21,5600
5,106,103,425224,2,4900048134,0000003464,30/03/2016,10:09,N6L 21,8000
5,106,103,425207,2,No handlers cou,,30/03/2016,10:39,N6L 21,10400
5,106,103,425224,3,No handlers cou,,30/03/2016,10:40,N6L 21,6400
5,106,103,425207,3,No handlers cou,,30/03/2016,10:40,N6L 21,15200
5,106,103,425219,2,4900048292,0000003657,30/03/2016,11:13,N6L 0101,6400
5,106,103,425219,3,4900048412,0000003785,30/03/2016,12:10,N6L 0101,11200
5,106,103,425217,2,No handlers cou,,30/03/2016,12:11,N6L 0101,8000
5,106,103,425217,3,4900048416,0000003788,30/03/2016,12:12,N6L 0101,10400
5,106,103,425219,4,4900048423,0000003799,30/03/2016,12:13,N6L 0101,2400
5,106,103,425217,4,4900048424,0000003800,30/03/2016,12:14,N6L 0101,3200
5,106,103,425222,2,4900048603,0000004044,30/03/2016,13:06,04P 03,3200
5,106,103,425222,4,4900048606,0000004047,30/03/2016,13:08,04P 03,4800
5,106,103,425222,3,4900048605,0000004046,30/03/2016,13:08,04P 03,4800
5,106,103,425222,5,4900048607,0000004048,30/03/2016,13:09,04P 03,3200
5,106,103,425222,6,4900048614,0000004061,30/03/2016,13:09,04P 03,6400
5,106,103,425214,2,4900048645,0000004092,30/03/2016,13:29,05B 01,1600
5,106,103,425214,3,4900048646,0000004093,30/03/2016,13:30,05B 01,4000
5,106,103,425214,4,4900048648,0000004094,30/03/2016,13:31,05B 01,1600
5,106,103,425226,2,4900048649,0000004095,30/03/2016,13:31,05B 01,7200
5,106,103,425226,3,4900048654,0000004097,30/03/2016,13:32,05B 01,3200
5,106,103,425214,5,4900048652,0000004096,30/03/2016,13:32,05B 01,2400
5,106,103,425234,2,4900048672,0000004098,30/03/2016,13:47,15B 02,800
5,106,103,425234,3,4900048676,0000004099,30/03/2016,13:48,15B 02,2400
5,106,103,425234,4,4900048677,0000004100,30/03/2016,13:48,15B 02,1600
5,106,103,425234,5,4900048680,0000004101,30/03/2016,13:49,15B 02,2400
5,106,103,425235,2,4900048697,0000004110,30/03/2016,13:58,15C 01,2400
5,106,103,425236,3,4900048703,0000004112,30/03/2016,13:58,15C 01,1600
5,106,103,425236,2,4900048699,0000004111,30/03/2016,13:58,15C 01,800
5,106,103,425237,2,4900048773,0000004175,30/03/2016,14:57,15E 03,1600
5,106,103,425237,3,4900048774,0000004176,30/03/2016,14:58,15E 03,2400
5,106,103,425237,4,4900048775,0000004177,30/03/2016,14:59,15E 03,2400
5,106,103,425087,6,4900048777,0000004178,30/03/2016,14:59,15B 02,3200
5,106,103,425177,2,4900048794,0000004181,30/03/2016,15:16,15C 01,1200
5,106,103,425199,2,4900049032,0000004449,30/03/2016,16:48,05L 01,10400
5,106,103,425220,3,4900049037,0000004452,30/03/2016,16:49,05L 01,8800
5,106,103,425220,2,4900049036,0000004451,30/03/2016,16:49,05L 01,3200
5,106,103,425199,3,4900049034,0000004450,30/03/2016,16:49,05L 01,12000
5,106,103,425206,2,4900049102,0000004511,30/03/2016,17:11,05R 01,4800
5,106,103,425206,5,4900049105,0000004514,30/03/2016,17:14,05R 01,3200
5,106,103,425206,4,4900049104,0000004513,30/03/2016,17:14,05R 01,3200
5,106,103,425206,3,4900049103,0000004512,30/03/2016,17:14,05R 01,3200
5,106,103,425213,2,4900049106,0000004516,30/03/2016,17:16,05R 01,1600
5,106,103,425212,2,4900049109,0000004518,30/03/2016,17:17,05Q 01,3200
5,106,103,425205,2,4900049108,0000004517,30/03/2016,17:17,05Q 01,5600
5,106,103,425205,3,4900049110,0000004519,30/03/2016,17:17,05Q 01,800
5,106,103,425223,2,4900049587,0000005263,30/03/2016,18:25,04L 01,4000
5,106,103,425220,4,4900049586,0000005262,30/03/2016,18:25,05L 01,4800
5,106,103,425223,4,4900049590,0000005265,30/03/2016,18:26,04L 01,2400
5,106,103,425223,3,4900049589,0000005264,30/03/2016,18:26,04L 01,5600
5,106,103,425223,6,4900049592,0000005267,30/03/2016,18:27,04L 01,4000
5,106,103,425223,5,4900049591,0000005266,30/03/2016,18:27,04L 01,2400
5,106,103,425221,3,4900049949,0000005835,30/03/2016,20:12,04J 04,1600
5,106,103,425221,2,4900049948,0000005834,30/03/2016,20:12,04J 04,800
5,106,103,425221,4,4900049952,0000005837,30/03/2016,20:13,04J 04,9600
5,106,103,425221,5,4900049956,0000005838,30/03/2016,20:15,04J 04,3200
5,106,103,425225,2,4900049957,0000005839,30/03/2016,20:16,04P 01,3200
5,106,103,425225,4,4900049965,0000005841,30/03/2016,20:16,04P 01,4000
5,106,103,425225,3,4900049959,0000005840,30/03/2016,20:16,04P 01,4000
5,106,103,425225,5,4900049966,0000005842,30/03/2016,20:17,04P 01,6400
